,cn,comm,ues,count,pid,time,time (ms),tool,diff
0,free5gc,ModemManager,0,37,772,21:09:23,1.222263,sysprocess,
1,oai,udr,0,69654,47297,11:55:37,67426.751745,sysprocess,
2,open5gs,[unknown],0,1058,22567,12:44:09,3532.552326,sysprocess,
3,free5gc,snapd,0,5,694,21:09:23,0.200848,sysprocess,
4,open5gs,accounts-daemon,0,386,677,12:44:09,187303.589512,sysprocess,
5,free5gc,smf,0,10,18610,21:09:23,10.454627,sysprocess,
6,open5gs,cron,0,13,680,12:44:09,60000.313872,sysprocess,
7,open5gs,dbus-daemon,0,119,681,12:44:09,59309.430584,sysprocess,
8,open5gs,irqbalance,0,76,687,12:44:09,59998.868333,sysprocess,
9,free5gc,rsyslogd,0,99,693,21:09:23,130097.63071,sysprocess,
10,open5gs,mongod,0,7003,13249,12:44:09,896894.800895,sysprocess,
11,open5gs,multipathd,0,292,459,12:44:09,233029.985368,sysprocess,
12,free5gc,python3,0,80,19533,21:09:23,70065.121834,sysprocess,
13,open5gs,open5gs-amfd,0,219,22553,12:44:09,56614.989642,sysprocess,
14,free5gc,polkitd,0,78,691,21:09:23,7.324243,sysprocess,
15,open5gs,open5gs-ausfd,0,119,22581,12:44:09,50049.857236,sysprocess,
16,open5gs,open5gs-bsfd,0,110,22571,12:44:09,50043.439735,sysprocess,
17,free5gc,pcf,0,999,18629,21:09:23,228999.845371,sysprocess,
18,open5gs,open5gs-hssd,0,1551,22600,12:44:09,545352.622488,sysprocess,
19,open5gs,open5gs-mmed,0,1585,22599,12:44:09,545335.798599,sysprocess,
20,free5gc,nssf,0,10,18646,21:09:23,11.045784,sysprocess,
21,open5gs,open5gs-nrfd,0,738,22572,12:44:09,60880.974554,sysprocess,
22,open5gs,open5gs-nssfd,0,99,22573,12:44:09,60051.820207,sysprocess,
23,free5gc,nrf,0,1086,18587,21:09:23,259478.688155,sysprocess,
24,open5gs,open5gs-pcfd,0,120,22586,12:44:09,60059.298593,sysprocess,
25,free5gc,multipathd,0,292,460,21:09:23,233023.684416,sysprocess,
26,free5gc,sshd,0,3,1302,21:09:23,0.037461,sysprocess,
27,oai,udm,0,69547,47277,11:55:37,67681.289302,sysprocess,
28,free5gc,systemd,0,116,1,21:09:23,28681.106889,sysprocess,
29,oai,systemd-udevd,0,2247,364,11:55:37,4103.673484,sysprocess,
30,oai,ausf,0,69612,47284,11:55:37,67725.074659,sysprocess,
31,oai,[unknown],0,1874,47134,11:55:37,4333.441122,sysprocess,
32,oai,dbus-daemon,0,191,587,11:55:37,593.339617,sysprocess,
33,oai,fwupd,0,118,40733,11:55:37,132034.315133,sysprocess,
34,oai,irqbalance,0,92,593,11:55:37,60003.282874,sysprocess,
35,free5gc,upf,0,10,18565,21:09:23,10.867332,sysprocess,
36,oai,multipathd,0,293,459,11:55:37,263015.80206,sysprocess,
37,free5gc,udr,0,1070,18620,21:09:23,258991.066272,sysprocess,
38,oai,mysqld,0,22930,717,11:55:37,1644178.275266,sysprocess,
39,oai,nrf,0,69623,47275,11:55:37,127866.175414,sysprocess,
40,free5gc,udm,0,2,18639,21:09:23,0.128177,sysprocess,
41,oai,python3,0,140,47250,11:55:37,70005.682606,sysprocess,
42,open5gs,open5gs-pcrfd,0,1523,22596,12:44:09,545349.184155,sysprocess,
43,oai,rsyslogd,0,1481,599,11:55:37,135073.42256,sysprocess,
44,oai,smf,0,1408,47298,11:55:37,180065.2312,sysprocess,
45,free5gc,systemd-udevd,0,78,364,21:09:23,0.360894,sysprocess,
46,oai,snapd,0,2393,602,11:55:37,241672.241068,sysprocess,
47,oai,sshd,0,532,47192,11:55:37,89.331564,sysprocess,
48,oai,systemctl,0,589,47273,11:55:37,374.532174,sysprocess,
49,free5gc,systemd-network,0,45,569,21:09:23,61439.342779,sysprocess,
50,oai,systemd,0,3331,1,11:55:37,68101.599431,sysprocess,
51,oai,systemd-journal,0,3180,332,11:55:37,67958.307011,sysprocess,
52,free5gc,systemd-logind,0,92,695,21:09:23,10462.764392,sysprocess,
53,oai,systemd-logind,0,446,608,11:55:37,529.420154,sysprocess,
54,oai,systemd-network,0,21,545,11:55:37,25343.873967,sysprocess,
55,free5gc,systemd-journal,0,1153,328,21:09:23,65324.332553,sysprocess,
56,free5gc,udisksd,0,57,700,21:09:23,1.925062,sysprocess,
57,open5gs,open5gs-scpd,0,1435,22582,12:44:09,60859.774014,sysprocess,
58,oai,accounts-daemon,0,1558,583,11:55:37,69591.156328,sysprocess,
59,free5gc,[unknown],0,115,19379,21:09:23,2.29982,sysprocess,
60,free5gc,irqbalance,0,76,688,21:09:23,59999.634606,sysprocess,
61,open5gs,rsyslogd,0,148,691,12:44:09,133123.451775,sysprocess,
62,open5gs,open5gs-udrd,0,99,22584,12:44:09,60040.221074,sysprocess,
63,open5gs,snapd,0,3374,692,12:44:09,61524.549281,sysprocess,
64,open5gs,systemd-network,0,88,15336,12:44:09,61927.605294,sysprocess,
65,open5gs,open5gs-sgwud,0,55,22574,12:44:09,66049.344647,sysprocess,
66,open5gs,open5gs-smfd,0,1701,22608,12:44:09,605382.549977,sysprocess,
67,free5gc,cron,0,6,682,21:09:23,0.03828,sysprocess,
68,open5gs,systemd-journal,0,1455,328,12:44:09,68731.614363,sysprocess,
69,free5gc,accounts-daemon,0,330,679,21:09:23,67999.834769,sysprocess,
70,free5gc,ausf,0,2,18654,21:09:23,10.197328,sysprocess,
71,open5gs,open5gs-sgwcd,0,57,22570,12:44:09,66049.574255,sysprocess,
72,open5gs,python3,0,62,22546,12:44:09,70008.662963,sysprocess,
73,open5gs,systemd-timesyn,0,24,491,12:44:09,32249.842037,sysprocess,
74,open5gs,systemd,0,156,1,12:44:09,47819.805143,sysprocess,
75,free5gc,amf,0,5295,18598,21:09:23,289020.568069,sysprocess,
76,free5gc,mongod,0,7262,13372,21:09:23,1438218.039186,sysprocess,
77,open5gs,open5gs-upfd,0,46,22568,12:44:09,65415.623684,sysprocess,
78,free5gc,dbus-daemon,0,111,683,21:09:23,2.967541,sysprocess,
79,open5gs,open5gs-udmd,0,103,22583,12:44:09,60056.462563,sysprocess,
80,oai,systemd,5,3336,1,14:11:38,68452.405696,sysprocess,1.0
81,free5gc,amf,5,16460,18598,21:45:46,315335.469213,sysprocess,2233.0
82,oai,systemd-journal,5,3311,332,14:11:38,67900.1531,sysprocess,26.2
83,free5gc,mongod,5,7671,13372,21:45:46,1254330.654998,sysprocess,81.8
84,free5gc,systemd-journal,5,1153,328,21:45:46,65478.951108,sysprocess,0.0
85,open5gs,rsyslogd,5,338,691,13:27:49,130116.984073,sysprocess,38.0
86,oai,systemd-logind,5,446,608,14:11:38,563.864971,sysprocess,0.0
87,oai,systemd-network,5,68,545,14:11:38,43742.017662,sysprocess,9.4
88,oai,systemd-resolve,5,78,547,14:11:38,44773.040996,sysprocess,
89,open5gs,python3,5,30,32241,13:27:49,70063.208714,sysprocess,-6.4
90,free5gc,systemd,5,158,1,21:45:46,50686.992631,sysprocess,8.4
91,open5gs,open5gs-scpd,5,3389,32267,13:27:49,61390.928958,sysprocess,390.8
92,free5gc,ausf,5,1578,18654,21:45:46,64293.007835,sysprocess,315.2
93,oai,udm,5,69198,58430,14:11:38,67838.621988,sysprocess,-69.8
94,free5gc,sshd,5,3,1302,21:45:46,0.027146,sysprocess,0.0
95,free5gc,systemd-logind,5,89,695,21:45:46,5.186918,sysprocess,-0.6
96,free5gc,systemd-network,5,49,569,21:45:46,56319.751864,sysprocess,0.8
97,open5gs,systemd,5,201,1,13:27:49,60943.801138,sysprocess,9.0
98,open5gs,snapd,5,2658,692,13:27:49,298541.103688,sysprocess,-143.2
99,free5gc,ModemManager,5,42,772,21:45:46,1.778152,sysprocess,1.0
100,oai,ausf,5,69183,58434,14:11:38,67810.385569,sysprocess,-85.8
101,oai,[unknown],5,1088,58285,14:11:38,4262.99003,sysprocess,-157.2
102,open5gs,systemd-udevd,5,2445,364,13:27:49,63811.763352,sysprocess,
103,oai,dbus-daemon,5,219,587,14:11:38,594.346233,sysprocess,5.6
104,free5gc,upf,5,10,18565,21:45:46,10.763605,sysprocess,0.0
105,open5gs,systemd-network,5,88,15336,13:27:49,63366.942266,sysprocess,0.0
106,oai,irqbalance,5,76,593,14:11:38,60002.529633,sysprocess,-3.2
107,oai,multipathd,5,293,459,14:11:38,263015.747387,sysprocess,0.0
108,free5gc,udr,5,5350,18620,21:45:46,248942.979485,sysprocess,856.0
109,free5gc,[unknown],5,113,24416,21:45:46,2.875204,sysprocess,-0.4
110,oai,mysqld,5,22959,717,14:11:38,1644702.498384,sysprocess,5.8
111,oai,nrf,5,69382,58435,14:11:38,127943.723096,sysprocess,-48.2
112,free5gc,udm,5,3949,18639,21:45:46,185140.076049,sysprocess,789.4
113,open5gs,systemd-journal,5,1521,328,13:27:49,65450.756457,sysprocess,13.2
114,oai,python3,5,36,58404,14:11:38,70067.915307,sysprocess,-20.8
115,free5gc,udisksd,5,42,700,21:45:46,2.639249,sysprocess,-3.0
116,oai,rsyslogd,5,1463,599,14:11:38,134892.644514,sysprocess,-3.6
117,free5gc,accounts-daemon,5,316,679,21:45:46,66257.689375,sysprocess,-2.8
118,oai,smf,5,1417,58455,14:11:38,180066.5814,sysprocess,1.8
119,free5gc,systemd-udevd,5,74,364,21:45:46,13.80983,sysprocess,-0.8
120,oai,snapd,5,2397,602,14:11:38,109891.795093,sysprocess,0.8
121,oai,sshd,5,532,58346,14:11:38,101.767704,sysprocess,0.0
122,oai,systemctl,5,585,58427,14:11:38,391.526073,sysprocess,-0.8
123,oai,udr,5,69661,58453,14:11:38,67387.75154,sysprocess,1.4
124,oai,systemd-udevd,5,2521,364,14:11:38,55926.81333,sysprocess,54.8
125,open5gs,open5gs-ausfd,5,359,32264,13:27:49,60558.918877,sysprocess,48.0
126,free5gc,python3,5,74,24570,21:45:46,70067.731631,sysprocess,-1.2
127,open5gs,multipathd,5,293,459,13:27:49,263043.22509,sysprocess,0.2
128,free5gc,dbus-daemon,5,107,683,21:45:46,5.465275,sysprocess,-0.8
129,open5gs,open5gs-amfd,5,1053,32248,13:27:49,65589.538668,sysprocess,166.8
130,free5gc,polkitd,5,68,691,21:45:46,9.116803,sysprocess,-2.0
131,open5gs,open5gs-smfd,5,1661,32294,13:27:49,605364.479046,sysprocess,-8.0
132,open5gs,open5gs-bsfd,5,99,32263,13:27:49,60051.912618,sysprocess,-2.2
133,free5gc,pcf,5,2206,18629,21:45:46,254059.684213,sysprocess,241.4
134,open5gs,open5gs-sgwud,5,42,32262,13:27:49,58541.063929,sysprocess,-2.6
135,oai,accounts-daemon,5,3016,583,14:11:38,69057.425363,sysprocess,291.6
136,open5gs,open5gs-hssd,5,1527,32276,13:27:49,545347.752194,sysprocess,-4.8
137,free5gc,nssf,5,10,18646,21:45:46,11.092373,sysprocess,0.0
138,free5gc,irqbalance,5,76,688,21:45:46,59999.014452,sysprocess,0.0
139,open5gs,open5gs-nrfd,5,832,32270,13:27:49,61476.79268,sysprocess,18.8
140,free5gc,nrf,5,3904,18587,21:45:46,294725.233028,sysprocess,563.6
141,open5gs,open5gs-sgwcd,5,38,32268,13:27:49,55038.196361,sysprocess,-3.8
142,open5gs,open5gs-nssfd,5,99,32261,13:27:49,60049.546827,sysprocess,0.0
143,open5gs,open5gs-pcfd,5,322,32269,13:27:49,60797.480522,sysprocess,40.4
144,free5gc,multipathd,5,292,460,21:45:46,233028.147766,sysprocess,0.0
145,open5gs,open5gs-pcrfd,5,1525,32292,13:27:49,545356.756044,sysprocess,0.4
146,open5gs,open5gs-mmed,5,1523,32293,13:27:49,545346.731054,sysprocess,-12.4
147,open5gs,open5gs-udmd,5,983,32266,13:27:49,60635.636887,sysprocess,176.0
148,open5gs,mongod,5,7109,13249,13:27:49,896977.65749,sysprocess,21.2
149,open5gs,[unknown],5,345,32467,13:27:49,5406.200547,sysprocess,-142.6
150,free5gc,smf,5,10,18610,21:45:46,11.022748,sysprocess,0.0
151,free5gc,cron,5,6,682,21:45:46,0.042461,sysprocess,0.0
152,open5gs,open5gs-udrd,5,602,32265,13:27:49,60778.937336,sysprocess,100.6
153,free5gc,snapd,5,13,694,21:45:46,0.515864,sysprocess,1.6
154,open5gs,irqbalance,5,167,687,13:27:49,70001.605542,sysprocess,18.2
155,open5gs,open5gs-upfd,5,46,32249,13:27:49,64836.812813,sysprocess,0.0
156,open5gs,accounts-daemon,5,377,677,13:27:49,68577.951365,sysprocess,-1.8
157,free5gc,rsyslogd,5,102,693,21:45:46,130128.608851,sysprocess,0.6
158,open5gs,open5gs-pcfd,10,555,42016,14:11:22,60545.827232,sysprocess,46.6
159,oai,accounts-daemon,10,4457,583,15:48:43,68643.763344,sysprocess,288.2
160,oai,mysqld,10,22946,717,15:48:43,1630531.409481,sysprocess,-2.6
161,open5gs,open5gs-udrd,10,1047,42018,14:11:22,60609.448526,sysprocess,89.0
162,open5gs,open5gs-mmed,10,1521,42020,14:11:22,545346.120258,sysprocess,-0.4
163,oai,systemd-udevd,10,2324,364,15:48:43,28619.628098,sysprocess,-39.4
164,open5gs,open5gs-nrfd,10,1096,42006,14:11:22,70017.281836,sysprocess,52.8
165,open5gs,open5gs-pcrfd,10,1586,42031,14:11:22,604184.333467,sysprocess,12.2
166,oai,multipathd,10,292,459,15:48:43,233014.804227,sysprocess,-0.2
167,open5gs,open5gs-sgwcd,10,35,42007,14:11:22,55015.105149,sysprocess,-0.6
168,oai,udisksd,10,14,611,15:48:43,15500.497018,sysprocess,
169,oai,irqbalance,10,100,593,15:48:43,59999.409503,sysprocess,4.8
170,open5gs,[unknown],10,7550,42011,14:11:22,4100.089397,sysprocess,1441.0
171,oai,udm,10,69276,69473,15:48:43,67874.498844,sysprocess,15.6
172,open5gs,systemd-journal,10,2325,328,14:11:22,69098.689608,sysprocess,160.8
173,open5gs,open5gs-nssfd,10,103,42015,14:11:22,50055.736383,sysprocess,0.8
174,open5gs,systemd-network,10,88,15336,14:11:22,63614.480077,sysprocess,0.0
175,open5gs,systemd-resolve,10,40,588,14:11:22,4130.459273,sysprocess,
176,oai,dbus-daemon,10,246,587,15:48:43,18717.046783,sysprocess,5.4
177,oai,ausf,10,69628,69474,15:48:43,67723.28914,sysprocess,89.0
178,open5gs,open5gs-scpd,10,5581,42017,14:11:22,69880.795602,sysprocess,438.4
179,open5gs,irqbalance,10,108,687,14:11:22,59995.070467,sysprocess,-11.8
180,oai,nrf,10,69551,69475,15:48:43,127903.983365,sysprocess,33.8
181,open5gs,open5gs-hssd,10,1523,42026,14:11:22,545347.588286,sysprocess,-0.8
182,oai,systemd-journal,10,3101,332,15:48:43,67781.785232,sysprocess,-42.0
183,open5gs,open5gs-udmd,10,1871,42009,14:11:22,60534.100345,sysprocess,177.6
184,oai,systemd,10,3296,1,15:48:43,68424.120716,sysprocess,-8.0
185,open5gs,mongod,10,7546,13249,14:11:22,1077640.054431,sysprocess,87.4
186,oai,systemd-logind,10,446,608,15:48:43,562.609031,sysprocess,0.0
187,open5gs,multipathd,10,293,459,14:11:22,263028.550457,sysprocess,0.0
188,oai,systemctl,10,591,69469,15:48:43,397.020151,sysprocess,1.2
189,open5gs,dbus-daemon,10,106,681,14:11:22,59342.854817,sysprocess,-1.3
190,oai,sshd,10,541,69388,15:48:43,96.996525,sysprocess,1.8
191,open5gs,open5gs-amfd,10,2436,41997,14:11:22,69278.387389,sysprocess,276.6
192,open5gs,snapd,10,4940,692,14:11:22,69559.578635,sysprocess,456.4
193,open5gs,accounts-daemon,10,396,677,14:11:22,187390.174905,sysprocess,3.8
194,open5gs,python3,10,42,41987,14:11:22,70069.770503,sysprocess,2.4
195,oai,udr,10,69690,69504,15:48:43,67431.085923,sysprocess,5.8
196,oai,smf,10,1418,69493,15:48:43,180061.238995,sysprocess,0.2
197,open5gs,open5gs-ausfd,10,768,42004,14:11:22,60622.826282,sysprocess,81.8
198,oai,systemd-network,10,115,545,15:48:43,23807.098101,sysprocess,9.4
199,oai,rsyslogd,10,1270,599,15:48:43,135039.347989,sysprocess,-38.6
200,open5gs,open5gs-sgwud,10,42,42008,14:11:22,58513.014827,sysprocess,0.0
201,open5gs,open5gs-bsfd,10,99,42005,14:11:22,60048.2822,sysprocess,0.0
202,open5gs,systemd,10,180,1,14:11:22,59363.453621,sysprocess,-4.2
203,oai,python3,10,132,69446,15:48:43,70069.353801,sysprocess,19.2
204,oai,systemd-resolve,10,207,547,15:48:43,18873.766723,sysprocess,25.8
205,open5gs,rsyslogd,10,1227,691,14:11:22,137313.659544,sysprocess,177.8
206,open5gs,open5gs-smfd,10,2397,42035,14:11:22,734270.924433,sysprocess,147.2
207,open5gs,open5gs-upfd,10,63,41998,14:11:22,66032.145822,sysprocess,3.4
208,oai,snapd,10,2497,602,15:48:43,146340.97605,sysprocess,20.0
209,free5gc,python3,10,62,29588,22:43:52,70069.67349,sysprocess,-2.4
210,free5gc,upf,10,10,18565,22:43:52,10.257051,sysprocess,0.0
211,free5gc,[unknown],10,113,29434,22:43:52,2.589571,sysprocess,0.0
212,free5gc,sshd,10,3,1302,22:43:52,0.04109,sysprocess,0.0
213,free5gc,cron,10,6,682,22:43:52,0.022261,sysprocess,0.0
214,free5gc,systemd-journal,10,1152,328,22:43:52,65513.847632,sysprocess,-0.2
215,free5gc,rsyslogd,10,106,693,22:43:52,130109.066642,sysprocess,0.8
216,free5gc,udr,10,8490,18620,22:43:52,278095.628789,sysprocess,628.0
217,free5gc,multipathd,10,292,460,22:43:52,233027.577118,sysprocess,0.0
218,free5gc,mongod,10,8301,13372,22:43:52,1253970.660275,sysprocess,126.0
219,free5gc,smf,10,10,18610,22:43:52,11.016203,sysprocess,0.0
220,free5gc,systemd,10,181,1,22:43:52,58970.373039,sysprocess,4.6
221,free5gc,dbus-daemon,10,107,683,22:43:52,4.667631,sysprocess,0.0
222,free5gc,ausf,10,4214,18654,22:43:52,64736.967828,sysprocess,527.2
223,free5gc,snapd,10,106,694,22:43:52,4.706976,sysprocess,18.6
224,free5gc,udm,10,9960,18639,22:43:52,67048.648671,sysprocess,1202.2
225,free5gc,irqbalance,10,92,688,22:43:52,59998.84654,sysprocess,3.2
226,free5gc,udisksd,10,30,700,22:43:52,2.901189,sysprocess,-2.4
227,free5gc,systemd-udevd,10,68,364,22:43:52,12.574724,sysprocess,-1.2
228,free5gc,accounts-daemon,10,321,679,22:43:52,68970.419555,sysprocess,1.0
229,free5gc,systemd-logind,10,89,695,22:43:52,5.49033,sysprocess,0.0
230,free5gc,nssf,10,10,18646,22:43:52,10.916382,sysprocess,0.0
231,free5gc,systemd-resolve,10,43,590,22:43:52,0.251507,sysprocess,
232,free5gc,systemd-network,10,74,569,22:43:52,34347.668487,sysprocess,5.0
233,oai,[unknown],10,1406,69303,15:48:43,3915.776759,sysprocess,63.6
234,free5gc,ModemManager,10,36,772,22:43:52,3.161725,sysprocess,-1.2
235,free5gc,nrf,10,6371,18587,22:43:52,287812.048539,sysprocess,493.4
236,free5gc,pcf,10,3008,18629,22:43:52,258970.736044,sysprocess,160.4
237,free5gc,polkitd,10,62,691,22:43:52,9.850968,sysprocess,-1.2
238,free5gc,amf,10,19659,18598,22:43:52,322918.137519,sysprocess,639.8
239,free5gc,systemd-timesyn,10,12,493,22:43:52,0.069538,sysprocess,
240,oai,systemd-logind,50,446,608,17:54:48,557.864857,sysprocess,0.0
241,open5gs,open5gs-udrd,50,4005,51798,14:44:47,60003.350919,sysprocess,73.95
242,free5gc,sshd,50,3,59763,06:45:00,0.033107,sysprocess,0.0
243,oai,systemd-udevd,50,2343,364,17:54:48,3829.193405,sysprocess,0.475
244,free5gc,systemd-network,50,93,43784,06:45:00,56063.312694,sysprocess,0.475
245,free5gc,dbus-daemon,50,158,683,06:45:00,1.956114,sysprocess,1.275
246,free5gc,systemd-logind,50,117,695,06:45:00,5.329051,sysprocess,0.7
247,oai,systemctl,50,583,82219,17:54:48,389.136697,sysprocess,-0.2
248,open5gs,open5gs-upfd,50,63,51780,14:44:47,66028.017813,sysprocess,0.0
249,open5gs,open5gs-smfd,50,1807,51819,14:44:47,615397.340219,sysprocess,-14.75
250,oai,systemd-journal,50,3119,332,17:54:48,67770.881366,sysprocess,0.45
251,free5gc,systemd,50,164,1,06:45:00,33182.059774,sysprocess,-0.425
252,open5gs,open5gs-udmd,50,11630,51816,14:44:47,59924.206374,sysprocess,243.975
253,free5gc,ausf,50,53065,18654,06:45:00,16796.196611,sysprocess,1221.275
254,oai,systemd-network,50,21,545,17:54:48,25343.504058,sysprocess,-2.35
255,free5gc,systemd-journal,50,1484,43813,06:45:00,65496.676738,sysprocess,8.3
256,oai,systemd,50,3256,1,17:54:48,68400.906889,sysprocess,-1.0
257,free5gc,cron,50,6,682,06:45:00,0.038677,sysprocess,0.0
258,free5gc,irqbalance,50,98,688,06:45:00,59993.551339,sysprocess,0.15
259,open5gs,open5gs-sgwud,50,42,51796,14:44:47,58562.425758,sysprocess,0.0
260,free5gc,nssf,50,147,18646,06:45:00,120032.155405,sysprocess,3.425
261,open5gs,open5gs-hssd,50,1525,51820,14:44:47,545349.319852,sysprocess,0.05
262,free5gc,nrf,50,113822,18587,06:45:00,264975.763634,sysprocess,2686.275
263,open5gs,open5gs-nrfd,50,1919,51810,14:44:47,70005.592951,sysprocess,20.575
264,open5gs,open5gs-bsfd,50,103,51809,14:44:47,60063.747189,sysprocess,0.1
265,free5gc,packagekitd,50,98,35184,06:45:00,65004.980545,sysprocess,
266,free5gc,pcf,50,36126,18629,06:45:00,247216.221091,sysprocess,827.95
267,open5gs,open5gs-ausfd,50,5095,51788,14:44:47,60003.00187,sysprocess,108.175
268,open5gs,open5gs-nssfd,50,98,51811,14:44:47,60048.607396,sysprocess,-0.125
269,open5gs,open5gs-amfd,50,17072,51781,14:44:47,69087.440791,sysprocess,365.9
270,free5gc,polkitd,50,71,691,06:45:00,9.948419,sysprocess,0.225
271,free5gc,multipathd,50,434,460,06:45:00,233026.380671,sysprocess,3.55
272,open5gs,multipathd,50,293,459,14:44:47,263030.098981,sysprocess,0.0
273,oai,udm,50,69600,82225,17:54:48,67698.793094,sysprocess,8.1
274,open5gs,open5gs-pcfd,50,2212,51815,14:44:47,68126.513443,sysprocess,41.425
275,free5gc,python3,50,93,72258,06:45:00,70024.879912,sysprocess,0.775
276,open5gs,open5gs-pcrfd,50,1525,51818,14:44:47,545348.547112,sysprocess,-1.525
277,open5gs,irqbalance,50,100,687,14:44:47,59999.341955,sysprocess,-0.2
278,free5gc,rsyslogd,50,103,35679,06:45:00,130125.558466,sysprocess,-0.075
279,open5gs,dbus-daemon,50,116,681,14:44:47,59314.24934,sysprocess,0.25
280,free5gc,mongod,50,22889,13372,06:45:00,1383055.515359,sysprocess,364.7
281,open5gs,open5gs-scpd,50,18797,51790,14:44:47,69449.917735,sysprocess,330.4
282,open5gs,accounts-daemon,50,467,677,14:44:47,188164.121267,sysprocess,1.775
283,free5gc,smf,50,147,18610,06:45:00,120031.61346,sysprocess,3.425
284,open5gs,[unknown],50,1415,51789,14:44:47,3411.599424,sysprocess,-153.375
285,open5gs,open5gs-sgwcd,50,35,51791,14:44:47,55051.215129,sysprocess,0.0
286,oai,udr,50,69649,82240,17:54:48,67400.401954,sysprocess,-1.025
287,free5gc,snapd,50,15,60466,06:45:00,60000.348462,sysprocess,-2.275
288,open5gs,mongod,50,8848,13249,14:44:47,893575.511221,sysprocess,32.55
289,oai,sshd,50,527,82138,17:54:48,91.918944,sysprocess,-0.35
290,open5gs,open5gs-mmed,50,1584,51817,14:44:47,545342.993446,sysprocess,1.575
291,open5gs,systemd-network,50,100,15336,14:44:47,64119.171914,sysprocess,0.3
292,oai,dbus-daemon,50,242,587,17:54:48,627.181756,sysprocess,-0.1
293,oai,rsyslogd,50,1383,599,17:54:48,135068.228417,sysprocess,2.825
294,free5gc,upf,50,136,18565,06:45:00,120038.46713,sysprocess,3.15
295,oai,irqbalance,50,84,593,17:54:48,59994.612195,sysprocess,-0.4
296,open5gs,snapd,50,4638,692,14:44:47,21337.994271,sysprocess,-7.55
297,oai,python3,50,104,82196,17:54:48,70002.257419,sysprocess,-0.7
298,free5gc,udisksd,50,42,700,06:45:00,3.698257,sysprocess,0.3
299,free5gc,udr,50,145296,18620,06:45:00,266389.573056,sysprocess,3420.15
300,oai,multipathd,50,292,459,17:54:48,233015.421324,sysprocess,0.0
301,open5gs,systemd-journal,50,3255,328,14:44:47,68718.138245,sysprocess,23.25
302,free5gc,accounts-daemon,50,481,36853,06:45:00,67999.726995,sysprocess,4.0
303,free5gc,[unknown],50,119,72261,06:45:00,3971.956085,sysprocess,0.15
304,oai,nrf,50,69512,82224,17:54:48,127955.567625,sysprocess,-0.975
305,open5gs,systemd,50,180,1,14:44:47,61519.887199,sysprocess,0.0
306,free5gc,udm,50,138513,18639,06:45:00,27506.717822,sysprocess,3213.825
307,free5gc,systemd-udevd,50,238,54380,06:45:00,4001.556922,sysprocess,4.25
308,oai,smf,50,1415,82241,17:54:48,180067.00476,sysprocess,-0.075
309,oai,mysqld,50,22927,717,17:54:48,1643663.802895,sysprocess,-0.475
310,free5gc,ModemManager,50,44,772,06:45:00,2.434492,sysprocess,0.2
311,open5gs,rsyslogd,50,3350,691,14:44:47,134704.413547,sysprocess,53.075
312,open5gs,python3,50,86,51773,14:44:47,70069.774013,sysprocess,1.1
313,oai,accounts-daemon,50,5897,583,17:54:48,68647.472402,sysprocess,36.0
314,open5gs,systemd-udevd,50,3982,364,14:44:47,65212.266895,sysprocess,34.15555555555556
315,oai,ausf,50,69189,82223,17:54:48,67849.38811,sysprocess,-10.975
316,oai,snapd,50,2785,602,17:54:48,61156.780676,sysprocess,7.2
317,free5gc,amf,50,237796,18598,06:45:00,314221.706944,sysprocess,5453.425
318,oai,[unknown],50,2033,82058,17:54:48,4129.56622,sysprocess,15.675
319,oai,ausf,100,70065,100129,23:11:20,67797.450058,sysprocess,17.52
320,open5gs,open5gs-nrfd,100,1726,61589,15:44:24,61641.08991,sysprocess,-3.86
321,free5gc,udr,100,300892,18620,07:23:53,254845.624931,sysprocess,3111.92
322,open5gs,dbus-daemon,100,106,681,15:44:24,3.291712,sysprocess,-0.2
323,open5gs,systemd-udevd,100,3792,364,15:44:24,12282.027052,sysprocess,-3.8
324,free5gc,rsyslogd,100,106,35679,07:23:53,130119.301407,sysprocess,0.06
325,oai,multipathd,100,436,459,23:11:20,263015.265598,sysprocess,2.88
326,free5gc,nssf,100,132,18646,07:23:53,11.304567,sysprocess,-0.3
327,open5gs,open5gs-hssd,100,1558,61605,15:44:24,545346.428758,sysprocess,0.66
328,open5gs,open5gs-scpd,100,3187,61602,15:44:24,61580.355715,sysprocess,-312.2
329,open5gs,accounts-daemon,100,425,677,15:44:24,68579.58778,sysprocess,-0.84
330,oai,accounts-daemon,100,7528,583,23:11:20,69011.82538,sysprocess,32.62
331,free5gc,[unknown],100,116,77182,07:23:53,0.982749,sysprocess,-0.06
332,free5gc,udm,100,281622,18639,07:23:53,43028.432525,sysprocess,2862.18
333,free5gc,smf,100,136,18610,07:23:53,10.884765,sysprocess,-0.22
334,free5gc,irqbalance,100,106,688,07:23:53,60002.757155,sysprocess,0.16
335,free5gc,nrf,100,195860,18587,07:23:53,264541.100244,sysprocess,1640.76
336,open5gs,open5gs-pcrfd,100,1637,61607,15:44:24,545352.18439,sysprocess,2.24
337,open5gs,irqbalance,100,92,687,15:44:24,60008.353385,sysprocess,-0.16
338,open5gs,open5gs-bsfd,100,105,61588,15:44:24,50050.54086,sysprocess,0.04
339,open5gs,open5gs-ausfd,100,151,61598,15:44:24,50029.310195,sysprocess,-98.88
340,free5gc,ModemManager,100,50,772,07:23:53,4.067553,sysprocess,0.12
341,free5gc,pcf,100,73516,18629,07:23:53,225438.658809,sysprocess,747.8
342,open5gs,open5gs-nssfd,100,99,61600,15:44:24,60036.480172,sysprocess,0.02
343,open5gs,open5gs-amfd,100,3558,61576,15:44:24,56759.55081,sysprocess,-270.28
344,open5gs,systemd-network,100,100,15336,15:44:24,66274.904872,sysprocess,0.0
345,free5gc,upf,100,132,18565,07:23:53,10.593414,sysprocess,-0.08
346,free5gc,polkitd,100,80,691,07:23:53,9.806254,sysprocess,0.18
347,free5gc,multipathd,100,436,460,07:23:53,263024.16102,sysprocess,0.04
348,oai,dbus-daemon,100,312,587,23:11:20,624.702671,sysprocess,1.4
349,open5gs,multipathd,100,293,459,15:44:24,263029.975369,sysprocess,0.0
350,open5gs,[unknown],100,186,61796,15:44:24,3982.486141,sysprocess,-24.58
351,open5gs,systemd-logind,100,89,693,15:44:24,5.594802,sysprocess,
352,open5gs,open5gs-pcfd,100,155,61601,15:44:24,60020.99468,sysprocess,-41.14
353,open5gs,mongod,100,7048,13249,15:44:24,1072840.448746,sysprocess,-36.0
354,oai,[unknown],100,3388,99980,23:11:20,4367.448193,sysprocess,27.1
355,oai,irqbalance,100,130,593,23:11:20,59999.512088,sysprocess,0.92
356,free5gc,python3,100,71,77337,07:23:53,70067.750654,sysprocess,-0.44
357,free5gc,mongod,100,38071,13372,07:23:53,1267798.164776,sysprocess,303.64
358,open5gs,systemd-journal,100,2973,328,15:44:24,68455.794893,sysprocess,-5.64
359,oai,sshd,100,724,100045,23:11:20,86.147507,sysprocess,3.94
360,oai,mysqld,100,41761,717,23:11:20,1654187.044009,sysprocess,376.68
361,open5gs,udisksd,100,37,698,15:44:24,3.423297,sysprocess,
362,open5gs,open5gs-upfd,100,49,61582,15:44:24,66274.70994,sysprocess,-0.28
363,free5gc,systemd-logind,100,116,695,07:23:53,6.127165,sysprocess,-0.02
364,oai,systemd-resolve,100,1747,547,23:11:20,65089.951645,sysprocess,17.11111111111111
365,free5gc,accounts-daemon,100,481,36853,07:23:53,68109.979926,sysprocess,0.0
366,free5gc,amf,100,427930,18598,07:23:53,291200.432806,sysprocess,3802.68
367,free5gc,systemd,100,191,1,07:23:53,31306.270588,sysprocess,0.54
368,free5gc,cron,100,6,682,07:23:53,0.038987,sysprocess,0.0
369,oai,systemd,100,4970,1,23:11:20,68484.643627,sysprocess,34.28
370,free5gc,ausf,100,115474,18654,07:23:53,20598.998634,sysprocess,1248.18
371,oai,systemd-network,100,81,545,23:11:20,31487.67955,sysprocess,1.2
372,open5gs,open5gs-udmd,100,170,61591,15:44:24,50044.433923,sysprocess,-229.2
373,oai,smf,100,1900,100146,23:11:20,180066.30025,sysprocess,9.7
374,oai,rsyslogd,100,1490,599,23:11:20,135080.765029,sysprocess,2.14
375,open5gs,open5gs-mmed,100,1521,61612,15:44:24,545347.796211,sysprocess,-1.26
376,oai,systemd-logind,100,737,608,23:11:20,553.608556,sysprocess,5.82
377,open5gs,rsyslogd,100,1659,691,15:44:24,130116.33774,sysprocess,-33.82
378,free5gc,systemd-udevd,100,153,54380,07:23:53,16.981914,sysprocess,-1.7
379,free5gc,systemd-journal,100,1485,43813,07:23:53,65378.136676,sysprocess,0.02
380,oai,systemd-journal,100,5938,332,23:11:20,67760.203628,sysprocess,56.38
381,oai,systemd-timesyn,100,826,85902,23:11:20,130107.324445,sysprocess,
382,open5gs,open5gs-smfd,100,1734,61606,15:44:24,605378.886678,sysprocess,-1.46
383,oai,systemctl,100,648,100126,23:11:20,389.84658,sysprocess,1.3
384,oai,python3,100,67,100103,23:11:20,70068.341177,sysprocess,-0.74
385,open5gs,systemd,100,158,1,15:44:24,60564.832619,sysprocess,-0.44
386,open5gs,ModemManager,100,57,770,15:44:24,3.787953,sysprocess,
387,open5gs,open5gs-sgwcd,100,38,61590,15:44:24,55045.839764,sysprocess,0.06
388,open5gs,polkitd,100,81,689,15:44:24,8.613685,sysprocess,
389,free5gc,systemd-network,100,45,43784,07:23:53,32511.952709,sysprocess,-0.96
390,oai,udr,100,70071,100145,23:11:20,67414.486633,sysprocess,8.44
391,free5gc,snapd,100,302,60466,07:23:53,96.753207,sysprocess,5.74
392,open5gs,snapd,100,3808,692,15:44:24,77805.236135,sysprocess,-16.6
393,oai,nrf,100,69796,100128,23:11:20,128093.439708,sysprocess,5.68
394,oai,udm,100,69339,100131,23:11:20,67857.441051,sysprocess,-5.22
395,open5gs,python3,100,52,61569,15:44:24,70070.482645,sysprocess,-0.68
396,free5gc,udisksd,100,51,700,07:23:53,3.921759,sysprocess,0.18
397,free5gc,sshd,100,3,59763,07:23:53,0.03268,sysprocess,0.0
398,oai,snapd,100,5382,85885,23:11:20,69825.947015,sysprocess,51.94
399,free5gc,dbus-daemon,100,171,683,07:23:53,5.660948,sysprocess,0.26
400,oai,systemd-udevd,100,4047,364,23:11:20,4041.370961,sysprocess,34.08
401,open5gs,open5gs-sgwud,100,41,61603,15:44:24,58546.879057,sysprocess,-0.02
402,open5gs,open5gs-udrd,100,102,61604,15:44:24,50034.504692,sysprocess,-78.06
403,open5gs,systemd-udevd,200,3748,364,17:29:10,14334.552162,sysprocess,-0.44
404,free5gc,nrf,200,397211,18587,08:05:22,274692.358991,sysprocess,2013.51
405,open5gs,open5gs-mmed,200,1522,71438,17:29:10,545234.324186,sysprocess,0.01
406,open5gs,python3,200,118,71402,17:29:10,70049.006175,sysprocess,0.66
407,open5gs,open5gs-nrfd,200,8387,71418,17:29:10,61161.258276,sysprocess,66.61
408,open5gs,open5gs-upfd,200,47,71417,17:29:10,65487.860392,sysprocess,-0.02
409,free5gc,ausf,200,198638,18654,08:05:22,27943.19687,sysprocess,831.64
410,open5gs,open5gs-udrd,200,15254,71434,17:29:10,60651.672334,sysprocess,151.52
411,free5gc,amf,200,756351,18598,08:05:22,326016.441962,sysprocess,3284.21
412,open5gs,systemd-network,200,88,15336,17:29:10,63775.255548,sysprocess,-0.12
413,free5gc,irqbalance,200,138,688,08:05:22,59999.618794,sysprocess,0.32
414,open5gs,open5gs-sgwcd,200,36,71428,17:29:10,55044.775953,sysprocess,-0.02
415,free5gc,[unknown],200,124,82265,08:05:22,2.608819,sysprocess,0.08
416,free5gc,dbus-daemon,200,168,683,08:05:22,4.972853,sysprocess,-0.03
417,open5gs,open5gs-scpd,200,114968,71427,17:29:10,59029.621598,sysprocess,1117.81
418,open5gs,snapd,200,2964,692,17:29:10,21600.38059,sysprocess,-8.44
419,open5gs,open5gs-sgwud,200,42,71429,17:29:10,58544.129646,sysprocess,0.01
420,open5gs,open5gs-pcrfd,200,1527,71441,17:29:10,545366.829218,sysprocess,-1.1
421,free5gc,multipathd,200,442,460,08:05:22,265025.129976,sysprocess,0.06
422,open5gs,systemd-journal,200,20070,328,17:29:10,68408.772173,sysprocess,170.97
423,open5gs,open5gs-smfd,200,1657,71440,17:29:10,605381.178046,sysprocess,-0.77
424,free5gc,cron,200,6,682,08:05:22,0.045542,sysprocess,0.0
425,open5gs,open5gs-pcfd,200,8165,71426,17:29:10,59894.087688,sysprocess,80.1
426,free5gc,accounts-daemon,200,474,36853,08:05:22,65483.442199,sysprocess,-0.07
427,open5gs,systemd,200,158,1,17:29:10,60405.405113,sysprocess,0.0
428,open5gs,open5gs-udmd,200,51806,71433,17:29:10,60135.560977,sysprocess,516.36
429,open5gs,rsyslogd,200,38337,691,17:29:10,129888.922788,sysprocess,366.78
430,open5gs,open5gs-nssfd,200,100,71425,17:29:10,60051.092551,sysprocess,0.01
431,free5gc,mongod,200,64780,13372,08:05:22,1280097.530725,sysprocess,267.09
432,free5gc,ModemManager,200,50,772,08:05:22,2.752577,sysprocess,0.0
433,oai,[unknown],200,660,125256,00:45:16,3818.176853,sysprocess,-27.28
434,oai,sshd,200,737,125337,00:45:16,100.024396,sysprocess,0.13
435,oai,multipathd,200,436,459,00:45:16,263017.572185,sysprocess,0.0
436,free5gc,rsyslogd,200,106,35679,08:05:22,130137.545916,sysprocess,0.0
437,open5gs,cron,200,13,680,17:29:10,60000.313043,sysprocess,0.0
438,oai,systemd-logind,200,737,608,00:45:16,578.035663,sysprocess,0.0
439,free5gc,udm,200,517270,18639,08:05:22,67168.021417,sysprocess,2356.48
440,open5gs,accounts-daemon,200,517,677,17:29:10,68583.196758,sysprocess,0.92
441,oai,mysqld,200,41768,717,00:45:16,1629543.286767,sysprocess,0.07
442,open5gs,[unknown],200,538,71628,17:29:10,5288.545098,sysprocess,3.52
443,free5gc,smf,200,137,18610,08:05:22,11.368306,sysprocess,0.01
444,oai,sudo,200,1212,125413,00:45:16,4.070828,sysprocess,
445,oai,smf,200,1895,125437,00:45:16,180077.701719,sysprocess,-0.05
446,free5gc,systemd-udevd,200,97,54380,08:05:22,6.518619,sysprocess,-0.56
447,oai,udr,200,70066,125447,00:45:16,67310.946328,sysprocess,-0.05
448,oai,nrf,200,69731,125420,00:45:16,127935.605961,sysprocess,-0.65
449,free5gc,systemd,200,166,1,08:05:22,22384.619805,sysprocess,-0.25
450,oai,udm,200,70024,125423,00:45:16,67680.483792,sysprocess,6.85
451,oai,systemd-network,200,134,545,00:45:16,27515.373243,sysprocess,0.53
452,free5gc,udisksd,200,42,700,08:05:22,2.777083,sysprocess,-0.09
453,oai,python3,200,81,125395,00:45:16,70038.478321,sysprocess,0.14
454,oai,systemd-udevd,200,4055,364,00:45:16,3480.953473,sysprocess,0.08
455,free5gc,sshd,200,3,59763,08:05:22,0.03045,sysprocess,0.0
456,oai,rsyslogd,200,1521,599,00:45:16,135021.218269,sysprocess,0.31
457,oai,systemd-resolve,200,1814,547,00:45:16,65049.888456,sysprocess,0.67
458,oai,systemd-timesyn,200,806,85902,00:45:16,130137.128201,sysprocess,-0.2
459,free5gc,snapd,200,1318,60466,08:05:22,6.315316,sysprocess,10.16
460,oai,irqbalance,200,138,593,00:45:16,60008.216852,sysprocess,0.08
461,free5gc,systemd-journal,200,1486,43813,08:05:22,65512.603448,sysprocess,0.01
462,oai,dbus-daemon,200,285,587,00:45:16,640.454644,sysprocess,-0.27
463,oai,systemctl,200,733,125418,00:45:16,414.523848,sysprocess,0.85
464,open5gs,open5gs-ausfd,200,30972,71423,17:29:10,60505.338667,sysprocess,308.21
465,free5gc,systemd-logind,200,122,695,08:05:22,10822.3321,sysprocess,0.06
466,free5gc,pcf,200,132785,18629,08:05:22,258351.256365,sysprocess,592.69
467,oai,systemd,200,4977,1,00:45:16,69065.98191,sysprocess,0.07
468,free5gc,systemd-network,200,45,43784,08:05:22,27392.12464,sysprocess,0.0
469,open5gs,irqbalance,200,92,687,17:29:10,60001.627532,sysprocess,0.0
470,open5gs,open5gs-amfd,200,117909,71409,17:29:10,63974.806487,sysprocess,1143.51
471,free5gc,upf,200,129,18565,08:05:22,10.999945,sysprocess,-0.03
472,oai,ausf,200,69259,125422,00:45:16,67834.170719,sysprocess,-8.06
473,open5gs,open5gs-bsfd,200,99,71424,17:29:10,60046.964702,sysprocess,-0.06
474,free5gc,polkitd,200,74,691,08:05:22,8.088574,sysprocess,-0.06
475,free5gc,nssf,200,131,18646,08:05:22,10.905083,sysprocess,-0.01
476,oai,snapd,200,3774,85885,00:45:16,263556.282195,sysprocess,-16.08
477,open5gs,open5gs-hssd,200,1522,71439,17:29:10,545242.580895,sysprocess,-0.36
478,open5gs,mongod,200,16872,13249,17:29:10,899855.248753,sysprocess,98.24
479,oai,accounts-daemon,200,9002,583,00:45:16,69568.075445,sysprocess,14.74
480,oai,systemd-journal,200,6152,332,00:45:16,67920.373901,sysprocess,2.14
481,free5gc,udr,200,546774,18620,08:05:22,273981.850952,sysprocess,2458.82
482,free5gc,python3,200,33,82420,08:05:22,70061.952474,sysprocess,-0.38
483,open5gs,multipathd,200,292,459,17:29:10,233027.748288,sysprocess,-0.01
484,open5gs,systemd-udevd,300,2761,364,18:39:47,16716.657449,sysprocess,-9.87
485,oai,snapd,300,4752,85885,02:16:05,71206.70775,sysprocess,9.78
486,oai,rsyslogd,300,1891,599,02:16:05,135026.586948,sysprocess,3.7
487,oai,smf,300,1912,165171,02:16:05,180110.716769,sysprocess,0.17
488,open5gs,python3,300,82,81220,18:39:47,70066.335901,sysprocess,-0.36
489,free5gc,systemd-resolve,300,46,43809,08:54:38,0.138542,sysprocess,0.010344827586206896
490,free5gc,systemd-network,300,110,43784,08:54:38,11750.532737,sysprocess,0.65
491,open5gs,rsyslogd,300,47339,691,18:39:47,129843.074643,sysprocess,90.02
492,open5gs,open5gs-hssd,300,1572,81265,18:39:47,545355.345585,sysprocess,0.5
493,free5gc,systemd-udevd,300,37,54380,08:54:38,1.131141,sysprocess,-0.6
494,oai,accounts-daemon,300,20567,583,02:16:05,189474.690926,sysprocess,115.65
495,oai,amf,300,115805,165173,02:16:05,336396.293646,sysprocess,
496,oai,ausf,300,169938,165158,02:16:05,81379.119863,sysprocess,1006.79
497,oai,cron,300,13,586,02:16:05,60000.264476,sysprocess,
498,open5gs,systemd-network,300,135,15336,18:39:47,63575.121925,sysprocess,0.47
499,free5gc,upf,300,6,18565,08:54:38,10.133226,sysprocess,-1.23
500,oai,dbus-daemon,300,569,587,02:16:05,60640.744942,sysprocess,2.84
501,free5gc,ModemManager,300,44,772,08:54:38,3.604511,sysprocess,-0.06
502,free5gc,udr,300,827999,18620,08:54:38,283451.233573,sysprocess,2812.25
503,open5gs,systemd-journal,300,27289,328,18:39:47,68335.654245,sysprocess,72.19
504,oai,irqbalance,300,138,593,02:16:05,60002.358082,sysprocess,0.0
505,oai,multipathd,300,434,459,02:16:05,233015.038695,sysprocess,-0.02
506,free5gc,udm,300,761115,18639,08:54:38,104630.044464,sysprocess,2438.45
507,open5gs,systemd,300,159,1,18:39:47,58514.905591,sysprocess,0.01
508,free5gc,udisksd,300,42,700,08:54:38,3.038283,sysprocess,0.0
509,free5gc,[unknown],300,127,87327,08:54:38,1.542533,sysprocess,0.03
510,oai,nrf,300,69717,165153,02:16:05,128153.315028,sysprocess,-0.14
511,open5gs,snapd,300,2202,692,18:39:47,26324.332813,sysprocess,-7.62
512,oai,python3,300,85,165128,02:16:05,70061.845312,sysprocess,0.04
513,free5gc,accounts-daemon,300,481,36853,08:54:38,68711.858806,sysprocess,0.07
514,oai,mysqld,300,137348,717,02:16:05,1871777.492489,sysprocess,955.8
515,oai,systemd-logind,300,1004,608,02:16:05,60810.941541,sysprocess,2.67
516,open5gs,open5gs-upfd,300,47,81246,18:39:47,64971.254856,sysprocess,0.0
517,open5gs,accounts-daemon,300,648,677,18:39:47,186622.607354,sysprocess,1.31
518,free5gc,rsyslogd,300,99,35679,08:54:38,130117.512653,sysprocess,-0.07
519,free5gc,irqbalance,300,130,688,08:54:38,59999.585387,sysprocess,-0.08
520,open5gs,open5gs-pcrfd,300,1527,81266,18:39:47,545348.233906,sysprocess,0.0
521,open5gs,dbus-daemon,300,112,681,18:39:47,59308.797627,sysprocess,0.03
522,free5gc,python3,300,9,87483,08:54:38,70047.146832,sysprocess,-0.24
523,oai,[unknown],300,312,164976,02:16:05,60897.745925,sysprocess,-3.48
524,free5gc,mongod,300,95199,13372,08:54:38,1290114.787415,sysprocess,304.19
525,open5gs,open5gs-pcfd,300,13921,81248,18:39:47,59750.247722,sysprocess,57.56
526,open5gs,mongod,300,18771,13249,18:39:47,902394.091286,sysprocess,18.99
527,free5gc,polkitd,300,79,691,08:54:38,6.142327,sysprocess,0.05
528,open5gs,multipathd,300,293,459,18:39:47,263027.357309,sysprocess,0.01
529,open5gs,open5gs-nssfd,300,99,81245,18:39:47,60032.959815,sysprocess,-0.01
530,open5gs,open5gs-amfd,300,341087,81227,18:39:47,62762.474698,sysprocess,2231.78
531,free5gc,pcf,300,196086,18629,08:54:38,245119.979544,sysprocess,633.01
532,free5gc,multipathd,300,442,460,08:54:38,233017.92733,sysprocess,0.0
533,open5gs,open5gs-nrfd,300,11347,81252,18:39:47,60930.124772,sysprocess,29.6
534,open5gs,open5gs-ausfd,300,44338,81238,18:39:47,60200.324907,sysprocess,133.66
535,open5gs,open5gs-bsfd,300,99,81247,18:39:47,60045.690699,sysprocess,0.0
536,free5gc,nssf,300,7,18646,08:54:38,10.063983,sysprocess,-1.24
537,open5gs,open5gs-mmed,300,1537,81255,18:39:47,545328.407637,sysprocess,0.15
538,open5gs,open5gs-scpd,300,185640,81249,18:39:47,56995.921994,sysprocess,706.72
539,free5gc,amf,300,1202866,18598,08:54:38,316348.05203,sysprocess,4465.15
540,open5gs,[unknown],300,450,81451,18:39:47,6682.900567,sysprocess,-0.88
541,oai,udr,300,130567,165183,02:16:05,80436.078891,sysprocess,605.01
542,free5gc,systemd-logind,300,116,695,08:54:38,3.747786,sysprocess,-0.06
543,oai,systemd,300,4375,1,02:16:05,67709.949095,sysprocess,-6.02
544,free5gc,systemd-journal,300,1485,43813,08:54:38,65529.172953,sysprocess,-0.01
545,open5gs,open5gs-udrd,300,23964,81251,18:39:47,60411.041464,sysprocess,87.1
546,oai,systemd-journal,300,7788,332,02:16:05,67871.544759,sysprocess,16.36
547,free5gc,ausf,300,286136,18654,08:54:38,43350.334728,sysprocess,874.98
548,free5gc,nrf,300,586459,18587,08:54:38,271540.162865,sysprocess,1892.48
549,open5gs,open5gs-udmd,300,87709,81250,18:39:47,59641.489808,sysprocess,359.03
550,free5gc,systemd,300,192,1,08:54:38,5431.831171,sysprocess,0.26
551,oai,systemd-network,300,79,545,02:16:05,57855.745711,sysprocess,-0.55
552,free5gc,cron,300,6,682,08:54:38,0.037583,sysprocess,0.0
553,open5gs,open5gs-smfd,300,1670,81269,18:39:47,605385.614213,sysprocess,0.13
554,oai,systemd-resolve,300,1777,547,02:16:05,65532.257,sysprocess,-0.37
555,oai,systemd-timesyn,300,806,85902,02:16:05,130269.042545,sysprocess,0.0
556,free5gc,sshd,300,6960,1675,08:54:38,16943.64602,sysprocess,69.57
557,open5gs,open5gs-sgwud,300,41,81239,18:39:47,58531.4874,sysprocess,-0.01
558,oai,systemd-udevd,300,4845,364,02:16:05,3228.315004,sysprocess,7.9
559,free5gc,snapd,300,5,60466,08:54:38,0.124693,sysprocess,-13.13
560,oai,udm,300,253783,165159,02:16:05,81166.429051,sysprocess,1837.59
561,free5gc,dbus-daemon,300,162,683,08:54:38,1.602136,sysprocess,-0.06
562,open5gs,open5gs-sgwcd,300,39,81237,18:39:47,55031.407979,sysprocess,0.03
563,free5gc,smf,300,6,18610,08:54:38,10.184007,sysprocess,-1.31
564,open5gs,irqbalance,300,108,687,18:39:47,59993.691857,sysprocess,0.16
